1104,Frank Darabont
175,Stephen King
1104,Frank Darabont
209,Tim Robbins
151,Morgan Freeman
348409,Bob Gunton
338,Francis Ford Coppola
701374,Mario Puzo
338,Francis Ford Coppola
8,Marlon Brando
199,Al Pacino
1001,James Caan
634240,Christopher Nolan
634300,Jonathan Nolan
634240,Christopher Nolan
275286,David S. Goyer
288,Christian Bale
5132,Heath Ledger
1173,Aaron Eckhart
338,Francis Ford Coppola
338,Francis Ford Coppola
701374,Mario Puzo
199,Al Pacino
134,Robert De Niro
380,Robert Duvall
1486,Sidney Lumet
741627,Reginald Rose
20,Henry Fonda
2011,Lee J. Cobb
842,Martin Balsam
229,Steven Spielberg
447745,Thomas Keneally
1873,Steven Zaillian
553,Liam Neeson
146,Ralph Fiennes
1426,Ben Kingsley
1392,Peter Jackson
866058,J.R.R. Tolkien
909638,Fran Walsh
101991,Philippa Boyens
704,Elijah Wood
1557,Viggo Mortensen
5212,Ian McKellen
233,Quentin Tarantino
233,Quentin Tarantino
812,Roger Avary
237,John Travolta
235,Uma Thurman
168,Samuel L. Jackson
1392,Peter Jackson
866058,J.R.R. Tolkien
909638,Fran Walsh
101991,Philippa Boyens
704,Elijah Wood
5212,Ian McKellen
89217,Orlando Bloom
1466,Sergio Leone
898812,Luciano Vincenzoni
1466,Sergio Leone
408488,Agenore Incrocci
142,Clint Eastwood
908919,Eli Wallach
1812,Lee Van Cleef
709,Robert Zemeckis
343165,Winston Groom
744839,Eric Roth
158,Tom Hanks
705,Robin Wright
641,Gary Sinise
399,David Fincher
657333,Chuck Palahniuk
880243,Jim Uhls
93,Brad Pitt
1570,Edward Norton
1533,Meat Loaf
634240,Christopher Nolan
634240,Christopher Nolan
138,Leonardo DiCaprio
330687,Joseph Gordon-Levitt
680983,Elliot Page
1392,Peter Jackson
866058,J.R.R. Tolkien
909638,Fran Walsh
101991,Philippa Boyens
704,Elijah Wood
5212,Ian McKellen
1557,Viggo Mortensen
449984,Irvin Kershner
102824,Leigh Brackett
1410,Lawrence Kasdan
184,George Lucas
434,Mark Hamill
148,Harrison Ford
402,Carrie Fisher
905154,Lana Wachowski
905152,Lilly Wachowski
905152,Lilly Wachowski
905154,Lana Wachowski
206,Keanu Reeves
401,Laurence Fishburne
5251,Carrie-Anne Moss
217,Martin Scorsese
683380,Nicholas Pileggi
217,Martin Scorsese
134,Robert De Niro
501,Ray Liotta
582,Joe Pesci
1232,Milos Forman
369142,Lawrence Hauben
325743,Bo Goldman
450181,Ken Kesey
197,Jack Nicholson
1221,Louise Fletcher
77720,Michael Berryman
399,David Fincher
1825,Andrew Kevin Walker
151,Morgan Freeman
93,Brad Pitt
228,Kevin Spacey
41,Akira Kurosawa
41,Akira Kurosawa
368074,Shinobu Hashimoto
644823,Hideo Oguni
1536,Toshirô Mifune
793766,Takashi Shimura
875477,Keiko Tsushima
1008,Frank Capra
329304,Frances Goodrich
352443,Albert Hackett
1008,Frank Capra
71,James Stewart
1656,Donna Reed
859,Lionel Barrymore
1129,Jonathan Demme
365383,Thomas Harris
848217,Ted Tally
149,Jodie Foster
164,Anthony Hopkins
95029,Lawrence A. Bonney
576987,Fernando Meirelles
526199,Kátia Lund
513130,Paulo Lins
1130251,Bráulio Mantovani
1179105,Alexandre Rodrigues
1129884,Leandro Firmino
618690,Matheus Nachtergaele
229,Steven Spielberg
734441,Robert Rodat
158,Tom Hanks
354,Matt Damon
1744,Tom Sizemore
905,Roberto Benigni
148437,Vincenzo Cerami
905,Roberto Benigni
905,Roberto Benigni
971,Nicoletta Braschi
134493,Giorgio Cantarini
1104,Frank Darabont
175,Stephen King
1104,Frank Darabont
158,Tom Hanks
3817,Michael Clarke Duncan
1556,David Morse
634240,Christopher Nolan
634300,Jonathan Nolan
634240,Christopher Nolan
190,Matthew McConaughey
4266,Anne Hathaway
1567113,Jessica Chastain
184,George Lucas
184,George Lucas
434,Mark Hamill
148,Harrison Ford
402,Carrie Fisher
116,James Cameron
116,James Cameron
936537,William Wisher
216,Arnold Schwarzenegger
157,Linda Hamilton
411,Edward Furlong
709,Robert Zemeckis
709,Robert Zemeckis
301826,Bob Gale
150,Michael J. Fox
502,Christopher Lloyd
670,Lea Thompson
594503,Hayao Miyazaki
594503,Hayao Miyazaki
153738,Daveigh Chase
687189,Suzanne Pleshette
997115,Miyu Irino
33,Alfred Hitchcock
825010,Joseph Stefano
88645,Robert Bloch
578,Anthony Perkins
1463,Janet Leigh
587256,Vera Miles
591,Roman Polanski
367838,Ronald Harwood
844262,Wladyslaw Szpilman
4778,Adrien Brody
470981,Thomas Kretschmann
277975,Frank Finlay
108,Luc Besson
108,Luc Besson
606,Jean Reno
198,Gary Oldman
204,Natalie Portman
94435,Bong Joon Ho
94435,Bong Joon Ho
8243301,Han Jin-won
814280,Song Kang-ho
1310525,Sun-kyun Lee
1856097,Cho Yeo-jeong
21249,Roger Allers
591450,Rob Minkoff
575293,Irene Mecchi
731271,Jonathan Roberts
941314,Linda Woolverton
111,Matthew Broderick
460,Jeremy Irons
469,James Earl Jones
631,Ridley Scott
291905,David Franzoni
517589,John Logan
629933,William Nicholson
128,Russell Crowe
1618,Joaquin Phoenix
1567,Connie Nielsen
443411,Tony Kaye
571346,David McKenna
1570,Edward Norton
411,Edward Furlong
350,Beverly D'Angelo
1741,Bryan Singer
3160,Christopher McQuarrie
228,Kevin Spacey
321,Gabriel Byrne
1590,Chazz Palminteri
217,Martin Scorsese
1184258,William Monahan
538320,Alan Mak
159039,Felix Chong
138,Leonardo DiCaprio
354,Matt Damon
197,Jack Nicholson
634240,Christopher Nolan
634300,Jonathan Nolan
634240,Christopher Nolan
1793993,Christopher Priest
288,Christian Bale
413168,Hugh Jackman
424060,Scarlett Johansson
2031,Michael Curtiz
258493,Julius J. Epstein
258525,Philip G. Epstein
462321,Howard Koch
7,Humphrey Bogart
6,Ingrid Bergman
2134,Paul Henreid
2676052,Joseph Kosinski
143596,Jim Cash
258390,Jack Epps Jr.
185976,Peter Craig
129,Tom Cruise
124,Jennifer Connelly
1886602,Miles Teller
3227090,Damien Chazelle
3227090,Damien Chazelle
1886602,Miles Teller
799777,J.K. Simmons
2552034,Melissa Benoist
619923,Olivier Nakache
865918,Éric Toledano
619923,Olivier Nakache
4778840,Philippe Pozzo di Borgo
865918,Éric Toledano
167388,François Cluzet
1082477,Omar Sy
494504,Anne Le Ny
122,Charles Chaplin
122,Charles Chaplin
122,Charles Chaplin
2104,Paulette Goddard
74788,Henry Bergman
462030,Masaki Kobayashi
847668,Yasuhiko Takiguchi
368074,Shinobu Hashimoto
619938,Tatsuya Nakadai
410968,Akira Ishihama
412615,Shima Iwashita
1466,Sergio Leone
6872,Sergio Donati
1466,Sergio Leone
783,Dario Argento
20,Henry Fonda
314,Charles Bronson
1012,Claudia Cardinale
847223,Isao Takahata
636435,Akiyuki Nosaka
847223,Isao Takahata
851302,Tsutomu Tatsumi
794186,Ayano Shiraishi
945312,Akemi Yamaguchi
33,Alfred Hitchcock
371088,John Michael Hayes
941280,Cornell Woolrich
71,James Stewart
38,Grace Kelly
179819,Wendell Corey
631,Ridley Scott
639321,Dan O'Bannon
795953,Ronald Shusett
244,Sigourney Weaver
643,Tom Skerritt
457,John Hurt
122,Charles Chaplin
122,Charles Chaplin
139714,Harry Carr
188357,Harry Crocker
122,Charles Chaplin
156039,Virginia Cherrill
5681967,Florence Lee
868153,Giuseppe Tornatore
868153,Giuseppe Tornatore
660031,Vanna Paoli
634159,Philippe Noiret
134073,Enzo Cannavale
41066,Antonella Attili
634240,Christopher Nolan
634240,Christopher Nolan
634300,Jonathan Nolan
1602,Guy Pearce
5251,Carrie-Anne Moss
1592,Joe Pantoliano
338,Francis Ford Coppola
587518,John Milius
338,Francis Ford Coppola
380282,Michael Herr
640,Martin Sheen
8,Marlon Brando
380,Robert Duvall
229,Steven Spielberg
1410,Lawrence Kasdan
184,George Lucas
442241,Philip Kaufman
148,Harrison Ford
261,Karen Allen
293550,Paul Freeman
233,Quentin Tarantino
233,Quentin Tarantino
4937,Jamie Foxx
910607,Christoph Waltz
138,Leonardo DiCaprio
4056,Andrew Stanton
4056,Andrew Stanton
230032,Pete Docter
714114,Jim Reardon
123785,Ben Burtt
2264184,Elissa Knight
307531,Jeff Garlin
3697,Florian Henckel von Donnersmarck
3697,Florian Henckel von Donnersmarck
618057,Ulrich Mühe
311476,Martina Gedeck
462407,Sebastian Koch
697,Billy Wilder
102818,Charles Brackett
697,Billy Wilder
551261,D.M. Marshman Jr.
34,William Holden
841797,Gloria Swanson
2233,Erich von Stroheim
40,Stanley Kubrick
40,Stanley Kubrick
932229,Calder Willingham
860292,Jim Thompson
18,Kirk Douglas
576127,Ralph Meeker
579663,Adolphe Menjou
40,Stanley Kubrick
175,Stephen King
40,Stanley Kubrick
424956,Diane Johnson
197,Jack Nicholson
1167,Shelley Duvall
515950,Danny Lloyd
122,Charles Chaplin
122,Charles Chaplin
122,Charles Chaplin
2104,Paulette Goddard
642988,Jack Oakie
697,Billy Wilder
2005,Agatha Christie
697,Billy Wilder
475823,Harry Kurnitz
61,Tyrone Power
17,Marlene Dietrich
1452,Charles Laughton
751577,Anthony Russo
751648,Joe Russo
1321655,Christopher Markus
1321656,Stephen McFeely
498278,Stan Lee
375,Robert Downey Jr.
1165110,Chris Hemsworth
749263,Mark Ruffalo
116,James Cameron
116,James Cameron
318429,David Giler
1353,Walter Hill
244,Sigourney Weaver
299,Michael Biehn
1343,Carrie Henn
5222,Sam Mendes
50332,Alan Ball
228,Kevin Spacey
906,Annette Bening
301,Thora Birch
40,Stanley Kubrick
40,Stanley Kubrick
816143,Terry Southern
313570,Peter George
634,Peter Sellers
1715,George C. Scott
1330,Sterling Hayden
2130108,Bob Persichetti
709056,Peter Ramsey
745247,Rodney Rothman
520488,Phil Lord
745247,Rodney Rothman
4271336,Shameik Moore
2159926,Jake Johnson
2794962,Hailee Steinfeld
634240,Christopher Nolan
634300,Jonathan Nolan
634240,Christopher Nolan
275286,David S. Goyer
288,Christian Bale
362766,Tom Hardy
4266,Anne Hathaway
661791,Park Chan-wook
1628380,Garon Tsuchiya
2057405,Nobuaki Minegishi
661791,Park Chan-wook
158856,Choi Min-sik
949167,Yoo Ji-Tae
1367246,Kang Hye-jeong
680846,Todd Phillips
680846,Todd Phillips
798788,Scott Silver
4170,Bob Kane
1618,Joaquin Phoenix
134,Robert De Niro
5939164,Zazie Beetz
1232,Milos Forman
787323,Peter Shaffer
537004,Zdenek Mahler
719,F. Murray Abraham
1371,Tom Hulce
931,Elizabeth Berridge
154,Mel Gibson
908824,Randall Wallace
154,Mel Gibson
521,Sophie Marceau
1526,Patrick McGoohan
5124,John Lasseter
5124,John Lasseter
230032,Pete Docter
4056,Andrew Stanton
158,Tom Hanks
741,Tim Allen
725543,Don Rickles
881279,Lee Unkrich
2937122,Adrian Molina
881279,Lee Unkrich
441735,Jason Katz
17690,Matthew Aldrich
5645519,Anthony Gonzalez
305558,Gael García Bernal
973,Benjamin Bratt
583,Wolfgang Petersen
583,Wolfgang Petersen
118164,Lothar G. Buchheim
1638,Jürgen Prochnow
344963,Herbert Grönemeyer
921044,Klaus Wennemann
233,Quentin Tarantino
233,Quentin Tarantino
93,Brad Pitt
1208167,Diane Kruger
744834,Eli Roth
594503,Hayao Miyazaki
594503,Hayao Miyazaki
301274,Neil Gaiman
559444,Yôji Matsuda
410942,Yuriko Ishida
849100,Yûko Tanaka
751577,Anthony Russo
751648,Joe Russo
1321655,Christopher Markus
1321656,Stephen McFeely
498278,Stan Lee
375,Robert Downey Jr.
262635,Chris Evans
749263,Mark Ruffalo
1466,Sergio Leone
340580,Harry Grey
73053,Leonardo Benvenuti
207401,Piero De Bernardi
134,Robert De Niro
249,James Woods
1527,Elizabeth McGovern
1814,Gus Van Sant
354,Matt Damon
255,Ben Affleck
245,Robin Williams
354,Matt Damon
255,Ben Affleck
4716,Darren Aronofsky
782968,Hubert Selby Jr.
4716,Darren Aronofsky
995,Ellen Burstyn
1467,Jared Leto
124,Jennifer Connelly
881279,Lee Unkrich
5124,John Lasseter
4056,Andrew Stanton
881279,Lee Unkrich
158,Tom Hanks
741,Tim Allen
349,Joan Cusack
1396121,Makoto Shinkai
1396121,Makoto Shinkai
1038805,Clark Cheng
1126340,Ryûnosuke Kamiki
4759838,Mone Kamishiraishi
6954008,Ryô Narita
2045,Stanley Donen
37,Gene Kelly
173679,Betty Comden
337582,Adolph Green
37,Gene Kelly
640307,Donald O'Connor
1666,Debbie Reynolds
386246,Rajkumar Hirani
386246,Rajkumar Hirani
430785,Abhijat Joshi
6765,Vidhu Vinod Chopra
451148,Aamir Khan
534856,Madhavan
1587175,Mona Singh
549658,Richard Marquand
1410,Lawrence Kasdan
184,George Lucas
434,Mark Hamill
148,Harrison Ford
402,Carrie Fisher
40,Stanley Kubrick
40,Stanley Kubrick
2009,Arthur C. Clarke
1158,Keir Dullea
516972,Gary Lockwood
843213,William Sylvester
327273,Michel Gondry
442109,Charlie Kaufman
327273,Michel Gondry
1410028,Pierre Bismuth
120,Jim Carrey
701,Kate Winslet
929489,Tom Wilkinson
233,Quentin Tarantino
233,Quentin Tarantino
812,Roger Avary
172,Harvey Keitel
619,Tim Roth
514,Michael Madsen
41,Akira Kurosawa
644823,Hideo Oguni
452878,Ryûzô Kikushima
386750,Eijirô Hisaita
1536,Toshirô Mifune
755403,Yutaka Sada
619938,Tatsuya Nakadai
1701024,Nadine Labaki
1701024,Nadine Labaki
2764802,Jihad Hojeily
9878616,Michelle Keserwany
9862858,Zain Al Rafeea
9862859,Yordanos Shiferaw
9862860,Boluwatife Treasure Bankole
80,Orson Welles
542534,Herman J. Mankiewicz
80,Orson Welles
2144,John Houseman
80,Orson Welles
1072,Joseph Cotten
173827,Dorothy Comingore
180,David Lean
4122,Robert Bolt
933858,Michael Wilson
564,Peter O'Toole
27,Alec Guinness
63,Anthony Quinn
899121,Thomas Vinterberg
2105585,Tobias Lindholm
899121,Thomas Vinterberg
586568,Mads Mikkelsen
488917,Thomas Bo Larsen
5038871,Annika Wedderkopp
33,Alfred Hitchcock
499626,Ernest Lehman
26,Cary Grant
1693,Eva Marie Saint
51,James Mason
485,Fritz Lang
902376,Thea von Harbou
485,Fritz Lang
414825,Egon Jacobsohn
48,Peter Lorre
927145,Ellen Widmann
484737,Inge Landgut
33,Alfred Hitchcock
178785,Alec Coppel
853138,Samuel A. Taylor
92267,Pierre Boileau
71,James Stewart
1571,Kim Novak
895,Barbara Bel Geddes
466,Jean-Pierre Jeunet
491011,Guillaume Laurant
466,Jean-Pierre Jeunet
851582,Audrey Tautou
440913,Mathieu Kassovitz
749363,Rufus
40,Stanley Kubrick
40,Stanley Kubrick
121256,Anthony Burgess
532,Malcolm McDowell
535861,Patrick Magee
60988,Michael Bates
459552,Elem Klimov
10696,Ales Adamovich
459552,Elem Klimov
470385,Aleksey Kravchenko
592500,Olga Mironova
490708,Liubomiras Laucevicius
40,Stanley Kubrick
40,Stanley Kubrick
380282,Michael Herr
368007,Gustav Hasford
546,Matthew Modine
388,R. Lee Ermey
352,Vincent D'Onofrio
697,Billy Wilder
697,Billy Wilder
151452,Raymond Chandler
128906,James M. Cain
534045,Fred MacMurray
1766,Barbara Stanwyck
64,Edward G. Robinson
697,Billy Wilder
697,Billy Wilder
224634,I.A.L. Diamond
493,Jack Lemmon
511,Shirley MacLaine
534045,Fred MacMurray
361,Brian De Palma
231,Oliver Stone
1328,Howard Hawks
372942,Ben Hecht
199,Al Pacino
201,Michelle Pfeiffer
874,Steven Bauer
41,Akira Kurosawa
41,Akira Kurosawa
368074,Shinobu Hashimoto
644823,Hideo Oguni
793766,Takashi Shimura
437520,Nobuo Kaneko
385443,Shin'ichi Himori
1351,George Roy Hill
911486,David S. Ward
56,Paul Newman
602,Robert Redford
1727,Robert Shaw
612322,Robert Mulligan
497369,Harper Lee
285210,Horton Foote
60,Gregory Peck
576345,John Megna
653942,Frank Overton
217,Martin Scorsese
1707,Paul Schrader
134,Robert De Niro
149,Jodie Foster
1732,Cybill Shepherd
436,Curtis Hanson
255278,James Ellroy
1338,Brian Helgeland
436,Curtis Hanson
228,Kevin Spacey
128,Russell Crowe
1602,Guy Pearce
230032,Pete Docter
677037,Bob Peterson
230032,Pete Docter
677037,Bob Peterson
565336,Tom McCarthy
799,Edward Asner
2973712,Jordan Nagai
1652,John Ratzenberger
520,Michael Mann
520,Michael Mann
199,Al Pacino
134,Robert De Niro
174,Val Kilmer
2371802,Thomas Kail
592135,Lin-Manuel Miranda
2375857,Ron Chernow
592135,Lin-Manuel Miranda
5623883,Phillipa Soo
1502434,Leslie Odom Jr.
485,Fritz Lang
902376,Thea von Harbou
485,Fritz Lang
375609,Brigitte Helm
2154,Alfred Abel
297054,Gustav Fröhlich
1410815,Asghar Farhadi
1410815,Asghar Farhadi
1818216,Payman Maadi
368689,Leila Hatami
4299147,Sareh Bayat
5363,Guy Ritchie
5363,Guy Ritchie
5458,Jason Statham
93,Brad Pitt
334318,Stephen Graham
1532,John McTiernan
861636,Roderick Thorp
835732,Jeb Stuart
211823,Steven E. de Souza
246,Bruce Willis
614,Alan Rickman
889,Bonnie Bedelia
898288,Denis Villeneuve
898288,Denis Villeneuve
1416431,Wajdi Mouawad
4034068,Valérie Beaugrand-Champagne
44073,Lubna Azabal
246386,Mélissa Désormeaux-Poulin
309945,Maxim Gaudette
229,Steven Spielberg
90151,Jeffrey Boam
184,George Lucas
583675,Menno Meyjes
148,Harrison Ford
125,Sean Connery
233145,Alison Doody
1120,Vittorio De Sica
953790,Cesare Zavattini
59030,Luigi Bartolini
80755,Oreste Biancoli
536009,Lamberto Maggiorani
821543,Enzo Staiola
136794,Lianella Carell
1218281,Jon Watts
571344,Chris McKenna
1273099,Erik Sommers
498278,Stan Lee
4043618,Tom Holland
3918035,Zendaya
1212722,Benedict Cumberbatch
5222,Sam Mendes
5222,Sam Mendes
4880670,Krysty Wilson-Cairns
2835616,Dean-Charles Chapman
1126657,George MacKay
990547,Daniel Mays
451148,Aamir Khan
1244760,Amole Gupte
1244760,Amole Gupte
2594301,Darsheel Safary
451148,Aamir Khan
1538116,Tisca Chopra
386570,Oliver Hirschbiegel
251536,Bernd Eichinger
275264,Joachim Fest
432622,Traudl Junge
4486,Bruno Ganz
487884,Alexandra Maria Lara
559890,Ulrich Matthes
1466,Sergio Leone
1466,Sergio Leone
607694,Fulvio Morsella
898812,Luciano Vincenzoni
142,Clint Eastwood
1812,Lee Van Cleef
2231,Gian Maria Volontè
634240,Christopher Nolan
4170,Bob Kane
275286,David S. Goyer
634240,Christopher Nolan
288,Christian Bale
323,Michael Caine
913822,Ken Watanabe
4318159,Nitesh Tiwari
6328029,Piyush Gupta
6328031,Shreyas Jain
6328030,Nikhil Mehrotra
451148,Aamir Khan
2799219,Sakshi Tanwar
760778,Fatima Sana Shaikh
122,Charles Chaplin
122,Charles Chaplin
122,Charles Chaplin
701012,Edna Purviance
1067,Jackie Coogan
697,Billy Wilder
697,Billy Wilder
224634,I.A.L. Diamond
858329,Robert Thoeren
54,Marilyn Monroe
348,Tony Curtis
493,Jack Lemmon
1725469,Florian Zeller
358960,Christopher Hampton
1725469,Florian Zeller
164,Anthony Hopkins
1469236,Olivia Colman
309693,Mark Gatiss
581,Joseph L. Mankiewicz
581,Joseph L. Mankiewicz
650581,Mary Orr
12,Bette Davis
879,Anne Baxter
1695,George Sanders
3453283,Dan Kwan
3215397,Daniel Scheinert
3453283,Dan Kwan
3215397,Daniel Scheinert
706,Michelle Yeoh
3513533,Stephanie Hsu
702841,Ke Huy Quan
268380,Peter Farrelly
885014,Nick Vallelonga
192942,Brian Hayes Currie
268380,Peter Farrelly
1557,Viggo Mortensen
991810,Mahershala Ali
4802,Linda Cardellini
217,Martin Scorsese
1010540,Terence Winter
67789,Jordan Belfort
138,Leonardo DiCaprio
1706767,Jonah Hill
3053338,Margot Robbie
6452,Stanley Kramer
542631,Abby Mann
1050,Montgomery Clift
75,Spencer Tracy
44,Burt Lancaster
1847,Richard Widmark
142,Clint Eastwood
672459,David Webb Peoples
142,Clint Eastwood
432,Gene Hackman
151,Morgan Freeman
41,Akira Kurosawa
41,Akira Kurosawa
644823,Hideo Oguni
406836,Masato Ide
619938,Tatsuya Nakadai
855417,Akira Terao
628704,Jinpachi Nezu
217,Martin Scorsese
683380,Nicholas Pileggi
217,Martin Scorsese
134,Robert De Niro
232,Sharon Stone
582,Joe Pesci
868219,Guillermo del Toro
868219,Guillermo del Toro
1419440,Ivana Baquero
317725,Ariadna Gil
530365,Sergi López
759,Paul Thomas Anderson
759,Paul Thomas Anderson
801737,Upton Sinclair
358,Daniel Day-Lewis
200452,Paul Dano
1354,Ciarán Hinds
796117,M. Night Shyamalan
796117,M. Night Shyamalan
246,Bruce Willis
5286,Haley Joel Osment
1057,Toni Collette
165,Ron Howard
326040,Akiva Goldsman
621586,Sylvia Nasar
128,Russell Crowe
438,Ed Harris
124,Jennifer Connelly
416,Terry Gilliam
1402,Terry Jones
1037,Graham Chapman
92,John Cleese
1385,Eric Idle
1037,Graham Chapman
92,John Cleese
1385,Eric Idle
1837,Peter Weir
629272,Andrew Niccol
120,Jim Carrey
438,Ed Harris
1473,Laura Linney
41,Akira Kurosawa
41,Akira Kurosawa
452878,Ryûzô Kikushima
1536,Toshirô Mifune
867391,Eijirô Tôno
619938,Tatsuya Nakadai
1379,John Huston
1379,John Huston
871252,B. Traven
7,Humphrey Bogart
404158,Walter Huston
392529,Tim Holt
41,Akira Kurosawa
15611,Ryûnosuke Akutagawa
41,Akira Kurosawa
368074,Shinobu Hashimoto
1536,Toshirô Mifune
477553,Machiko Kyô
605270,Masayuki Mori
217,Martin Scorsese
436164,Laeta Kalogridis
1212331,Dennis Lehane
138,Leonardo DiCaprio
607865,Emily Mortimer
749263,Mark Ruffalo
836328,John Sturges
108595,Paul Brickhill
165412,James Clavell
122446,W.R. Burnett
537,Steve McQueen
1258,James Garner
277,Richard Attenborough
229,Steven Spielberg
341,Michael Crichton
462895,David Koepp
554,Sam Neill
368,Laura Dern
156,Jeff Goldblum
233,Quentin Tarantino
233,Quentin Tarantino
235,Uma Thurman
235,Uma Thurman
1016,David Carradine
435,Daryl Hannah
1053,Ethan Coen
1054,Joel Coen
1054,Joel Coen
1053,Ethan Coen
565092,Cormac McCarthy
169,Tommy Lee Jones
849,Javier Bardem
982,Josh Brolin
4056,Andrew Stanton
881279,Lee Unkrich
4056,Andrew Stanton
677037,Bob Peterson
721675,David Reynolds
983,Albert Brooks
1122,Ellen DeGeneres
1071252,Alexander Gould
186,David Lynch
212246,Christopher De Vore
75015,Eric Bergren
186,David Lynch
164,Anthony Hopkins
457,John Hurt
843,Anne Bancroft
217,Martin Scorsese
483766,Jake LaMotta
141734,Joseph Carter
678014,Peter Savage
134,Robert De Niro
1550,Cathy Moriarty
582,Joe Pesci
591,Roman Polanski
1801,Robert Towne
591,Roman Polanski
197,Jack Nicholson
1159,Faye Dunaway
1379,John Huston
281808,Victor Fleming
2030,George Cukor
939992,Sam Wood
593565,Margaret Mitchell
397608,Sidney Howard
308177,Oliver H.P. Garrett
22,Clark Gable
46,Vivien Leigh
593775,Thomas Mitchell
574625,James McTeigue
905152,Lilly Wachowski
905154,Lana Wachowski
2331222,David Lloyd
915989,Hugo Weaving
204,Natalie Portman
1291,Rupert Graves
118,John Carpenter
484111,Bill Lancaster
132168,John W. Campbell Jr.
621,Kurt Russell
979,Wilford Brimley
202966,Keith David
230032,Pete Docter
215455,Ronnie Del Carmen
230032,Pete Docter
215455,Ronnie Del Carmen
498834,Meg LeFauve
688132,Amy Poehler
352778,Bill Hader
85400,Lewis Black
5363,Guy Ritchie
5363,Guy Ritchie
2076,Jason Flemyng
2077,Dexter Fletcher
602941,Nick Moran
33,Alfred Hitchcock
461425,Frederick Knott
1537,Ray Milland
38,Grace Kelly
191950,Robert Cummings
2728,Juan José Campanella
3160078,Eduardo Sacheri
2728,Juan José Campanella
201857,Ricardo Darín
897845,Soledad Villamil
706567,Pablo Rago
180,David Lean
99541,Pierre Boulle
286025,Carl Foreman
933858,Michael Wilson
34,William Holden
27,Alec Guinness
370144,Jack Hawkins
594503,Hayao Miyazaki
594503,Hayao Miyazaki
1168510,Diana Wynne Jones
47962,Chieko Baishô
454120,Takuya Kimura
309107,Tatsuya Gashûin
1732981,Martin McDonagh
1732981,Martin McDonagh
531,Frances McDormand
437,Woody Harrelson
5377,Sam Rockwell
965,Danny Boyle
920543,Irvine Welsh
388076,John Hodge
191,Ewan McGregor
1971,Ewen Bremner
1538,Jonny Lee Miller
142,Clint Eastwood
1010405,Nick Schenk
3164738,Dave Johannson
142,Clint Eastwood
3057402,Bee Vang
1542291,Christopher Carley
640334,Gavin O'Connor
640334,Gavin O'Connor
3294574,Anthony Tambakis
233561,Cliff Dorfman
362766,Tom Hardy
560,Nick Nolte
249291,Joel Edgerton
1054,Joel Coen
1053,Ethan Coen
1053,Ethan Coen
1054,Joel Coen
513,William H. Macy
531,Frances McDormand
114,Steve Buscemi
594503,Hayao Miyazaki
594503,Hayao Miyazaki
847054,Hitoshi Takagi
383022,Noriko Hidaka
757076,Chika Sakamoto
898288,Denis Villeneuve
3360706,Aaron Guzikowski
413168,Hugh Jackman
350453,Jake Gyllenhaal
205626,Viola Davis
142,Clint Eastwood
353673,Paul Haggis
101801,F.X. Toole
5476,Hilary Swank
142,Clint Eastwood
151,Morgan Freeman
122,Charles Chaplin
122,Charles Chaplin
122,Charles Chaplin
841501,Mack Swain
615306,Tom Murray
631,Ridley Scott
266684,Hampton Fancher
672459,David Webb Peoples
1140,Philip K. Dick
148,Harrison Ford
442,Rutger Hauer
707,Sean Young
229,Steven Spielberg
622288,Jeff Nathanson
7646,Frank Abagnale Jr.
1127221,Stan Redding
138,Leonardo DiCaprio
158,Tom Hanks
686,Christopher Walken
1415,Elia Kazan
775977,Budd Schulberg
425711,Malcolm Johnson
802563,Robert Siodmak
8,Marlon Brando
1500,Karl Malden
2011,Lee J. Cobb
715346,Carol Reed
1294,Graham Greene
80,Orson Welles
466099,Alexander Korda
80,Orson Welles
1072,Joseph Cotten
885098,Alida Valli
6498,Majid Majidi
6498,Majid Majidi
619870,Mohammad Amir Naji
268488,Amir Farrokh Hashemian
781245,Bahare Seddiqi
943758,William Wyler
908753,Lew Wallace
876562,Karl Tunberg
683,Gore Vidal
32,Charlton Heston
370144,Jack Hawkins
963,Stephen Boyd
2588606,Steve McQueen
725983,John Ridley
1185849,Solomon Northup
252230,Chiwetel Ejiofor
931324,Michael Kenneth Williams
1055413,Michael Fassbender
115669,Clyde Bruckman
36,Buster Keaton
36,Buster Keaton
115669,Clyde Bruckman
90213,Al Boasberg
36,Buster Keaton
533045,Marion Mack
147070,Glen Cavender
5,Ingmar Bergman
5,Ingmar Bergman
803705,Victor Sjöström
761,Bibi Andersson
862026,Ingrid Thulin
399,David Fincher
5058839,Gillian Flynn
255,Ben Affleck
683253,Rosamund Pike
439,Neil Patrick Harris
500,Richard Linklater
500,Richard Linklater
471811,Kim Krizan
160,Ethan Hawke
365,Julie Delpy
248600,Andrea Eckert
946734,David Yates
460141,Steve Kloves
746830,J.K. Rowling
705356,Daniel Radcliffe
914612,Emma Watson
342488,Rupert Grint
1047,Michael Cimino
1047,Michael Cimino
913346,Deric Washburn
307311,Louis Garfinkle
134,Robert De Niro
686,Christopher Walken
1030,John Cazale
6487,Jim Sheridan
174840,Gerry Conlon
313623,Terry George
6487,Jim Sheridan
358,Daniel Day-Lewis
592,Pete Postlethwaite
188949,Alison Crosbie
27572,Wes Anderson
959003,Stefan Zweig
27572,Wes Anderson
2450453,Hugo Guinness
146,Ralph Fiennes
719,F. Murray Abraham
23832,Mathieu Amalric
1008,Frank Capra
118227,Sidney Buchman
287931,Lewis R. Foster
175333,Myles Connolly
71,James Stewart
795,Jean Arthur
1647,Claude Rains
167241,Henri-Georges Clouzot
1064118,Georges Arnaud
167241,Henri-Georges Clouzot
350823,Jérôme Géronimi
598971,Yves Montand
889024,Charles Vanel
886870,Peter van Eyck
40,Stanley Kubrick
40,Stanley Kubrick
856842,William Makepeace Thackeray
641939,Ryan O'Neal
1943,Marisa Berenson
535861,Patrick Magee
36,Buster Keaton
369841,Jean C. Havez
593477,Joseph A. Mitchell
115669,Clyde Bruckman
36,Buster Keaton
570230,Kathryn McGuire
444172,Joe Keaton
94435,Bong Joon Ho
94435,Bong Joon Ho
1323286,Kwang-rim Kim
1646563,Sung-bo Shim
814280,Song Kang-ho
1235292,Kim Sang-kyung
1323287,Roe-ha Kim
1049433,Lenny Abrahamson
1480980,Emma Donoghue
488953,Brie Larson
5016878,Jacob Tremblay
108703,Sean Bridgers
154,Mel Gibson
770938,Robert Schenkkan
460795,Andrew Knight
1940449,Andrew Garfield
941777,Sam Worthington
3478396,Luke Bracey
655053,Sergio Pablos
3582089,Carlos Martínez López
655053,Sergio Pablos
2700235,Jim Mahoney
2082813,Zach Lewis
5403,Jason Schwartzman
799777,J.K. Simmons
429069,Rashida Jones
5,Ingmar Bergman
5,Ingmar Bergman
1884,Max von Sydow
85038,Gunnar Björnstrand
252345,Bengt Ekerot
1167933,Damián Szifron
1238855,Germán Servidio
1167933,Damián Szifron
334882,Darío Grandinetti
555404,María Marull
897640,Mónica Villa
1054,Joel Coen
1053,Ethan Coen
1053,Ethan Coen
1054,Joel Coen
313,Jeff Bridges
422,John Goodman
194,Julianne Moore
213450,Dean DeBlois
761498,Chris Sanders
204030,Will Davies
213450,Dean DeBlois
761498,Chris Sanders
59431,Jay Baruchel
124930,Gerard Butler
2395586,Christopher Mintz-Plasse
4306,George Miller
4306,George Miller
565068,Brendan McCarthy
490147,Nick Lathouris
362766,Tom Hardy
234,Charlize Theron
396558,Nicholas Hoult
254178,Adam Elliot
254178,Adam Elliot
1057,Toni Collette
450,Philip Seymour Hoffman
51509,Eric Bana
230032,Pete Docter
798899,David Silverman
881279,Lee Unkrich
230032,Pete Docter
191717,Jill Culton
682066,Jeff Pidgeon
345,Billy Crystal
422,John Goodman
316701,Mary Gibbs
229,Steven Spielberg
1940,Peter Benchley
331956,Carl Gottlieb
1702,Roy Scheider
1727,Robert Shaw
377,Richard Dreyfuss
3433,Carl Theodor Dreyer
217865,Joseph Delteil
3433,Carl Theodor Dreyer
266029,Maria Falconetti
798564,Eugene Silvain
75551,André Berley
313623,Terry George
669311,Keir Pearson
313623,Terry George
332,Don Cheadle
645683,Sophie Okonedo
1618,Joaquin Phoenix
654868,Yasujirô Ozu
633792,Kôgo Noda
654868,Yasujirô Ozu
753479,Chishû Ryû
383261,Chieko Higashiyama
945522,Sô Yamamura
1837,Peter Weir
776114,Tom Schulman
245,Robin Williams
494,Robert Sean Leonard
160,Ethan Hawke
6249,Satyajit Ray
51808,Bibhutibhushan Bandyopadhyay
6249,Satyajit Ray
52333,Kanu Bannerjee
52334,Karuna Bannerjee
52343,Subir Banerjee
814,John G. Avildsen
230,Sylvester Stallone
230,Sylvester Stallone
1735,Talia Shire
949350,Burt Young
231,Oliver Stone
231,Oliver Stone
221,Charlie Sheen
297,Tom Berenger
353,Willem Dafoe
3506,James Mangold
125336,Jez Butterworth
3890871,John-Henry Butterworth
445669,Jason Keller
354,Matt Damon
288,Christian Bale
1256532,Jon Bernthal
1661,Rob Reiner
175,Stephen King
317279,Raynold Gideon
262595,Bruce A. Evans
696,Wil Wheaton
203,River Phoenix
397,Corey Feldman
116,James Cameron
116,James Cameron
5036,Gale Anne Hurd
936537,William Wisher
216,Arnold Schwarzenegger
157,Linda Hamilton
299,Michael Biehn
565336,Tom McCarthy
1802857,Josh Singer
565336,Tom McCarthy
749263,Mark Ruffalo
474,Michael Keaton
1046097,Rachel McAdams
165,Ron Howard
604948,Peter Morgan
117709,Daniel Brühl
1165110,Chris Hemsworth
1312575,Olivia Wilde
576,Sean Penn
576,Sean Penn
1040556,Jon Krakauer
386472,Emile Hirsch
681,Vince Vaughn
1416,Catherine Keener
1486,Sidney Lumet
154665,Paddy Chayefsky
1159,Faye Dunaway
34,William Holden
2075,Peter Finch
281808,Victor Fleming
2030,George Cukor
503777,Mervyn LeRoy
486538,Noel Langley
753249,Florence Ryerson
941138,Edgar Allan Woolf
23,Judy Garland
604656,Frank Morgan
1961,Ray Bolger
3506,James Mangold
3506,James Mangold
291082,Scott Frank
338169,Michael Green
413168,Hugh Jackman
1772,Patrick Stewart
6748436,Dafne Keen
601,Harold Ramis
748035,Danny Rubin
601,Harold Ramis
195,Bill Murray
510,Andie MacDowell
254402,Chris Elliott
83348,Brad Bird
684342,Jan Pinkava
83348,Brad Bird
684342,Jan Pinkava
135296,Jim Capobianco
4951,Brad Garrett
738918,Lou Romano
652663,Patton Oswalt
500,Richard Linklater
500,Richard Linklater
365,Julie Delpy
160,Ethan Hawke
160,Ethan Hawke
365,Julie Delpy
229943,Vernon Dobtcheff
1243,William Friedkin
87861,William Peter Blatty
995,Ellen Burstyn
1884,Max von Sydow
304,Linda Blair
943758,William Wyler
792845,Robert E. Sherwood
437969,MacKinlay Kantor
1485,Myrna Loy
763,Dana Andrews
545298,Fredric March
83348,Brad Bird
83348,Brad Bird
5266,Craig T. Nelson
168,Samuel L. Jackson
456,Holly Hunter
523932,Ernst Lubitsch
501872,Melchior Lengyel
562372,Edwin Justus Mayer
523932,Ernst Lubitsch
1479,Carole Lombard
912,Jack Benny
821041,Robert Stack
33,Alfred Hitchcock
238898,Daphne Du Maurier
792845,Robert E. Sherwood
365661,Joan Harrison
59,Laurence Olivier
21,Joan Fontaine
1695,George Sanders
406,John Ford
425913,Nunnally Johnson
825705,John Steinbeck
20,Henry Fonda
2034,Jane Darwell
1017,John Carradine
690597,Gillo Pontecorvo
758357,Franco Solinas
690597,Gillo Pontecorvo
352835,Brahim Hadjadj
552483,Jean Martin
754272,Yacef Saadi
2120,Lasse Hallström
2124742,Stephen P. Lindsey
793881,Kaneto Shindô
152,Richard Gere
260,Joan Allen
846480,Cary-Hiroyuki Tagawa
742341,Stuart Rosenberg
668914,Donn Pearce
682757,Frank Pierson
237543,Hal Dresner
56,Paul Newman
1421,George Kennedy
1510,Strother Martin
327944,Alejandro G. Iñárritu
37247,Guillermo Arriaga
248408,Emilio Echevarría
305558,Gael García Bernal
865949,Goya Toledo
893659,Gore Verbinski
254645,Ted Elliott
744429,Terry Rossio
64181,Stuart Beattie
136,Johnny Depp
1691,Geoffrey Rush
89217,Orlando Bloom
76,François Truffaut
76,François Truffaut
610115,Marcel Moussy
529543,Jean-Pierre Léaud
753716,Albert Rémy
561158,Claire Maurier
440913,Mathieu Kassovitz
440913,Mathieu Kassovitz
1993,Vincent Cassel
468003,Hubert Koundé
846548,Saïd Taghmaoui
5,Ingmar Bergman
5,Ingmar Bergman
761,Bibi Andersson
880521,Liv Ullmann
472234,Margaretha Krook
1402,Terry Jones
1037,Graham Chapman
92,John Cleese
416,Terry Gilliam
1037,Graham Chapman
92,John Cleese
1589,Michael Palin
1463981,Cagan Irmak
1463981,Cagan Irmak
1002038,Çetin Tekindor
476334,Fikret Kuskan
406157,Hümeyra
41,Akira Kurosawa
41,Akira Kurosawa
619330,Yuriy Nagibin
37539,Vladimir Arsenev
613364,Maksim Munzuk
813272,Yuriy Solomin
125730,Mikhail Bychkov
1008,Frank Capra
728307,Robert Riskin
11343,Samuel Hopkins Adams
22,Clark Gable
1055,Claudette Colbert
175369,Walter Connolly
936404,Robert Wise
403346,Georg Hurdalek
512231,Howard Lindsay
189496,Russel Crouse
267,Julie Andrews
1626,Christopher Plummer
662223,Eleanor Parker
661791,Park Chan-wook
1258797,Sarah Waters
1941029,Seo-kyeong Jeong
661791,Park Chan-wook
1195119,Kim Min-hee
1978402,Ha Jung-woo
2437361,Cho Jin-woong
4377096,T.J. Gnanavel
4377096,T.J. Gnanavel
1322281,Rajendra Sapre
1421814,Suriya
7934649,Lijo Mol Jose
8904193,Manikandan K.
166256,Ron Clements
615780,John Musker
166256,Ron Clements
615780,John Musker
254645,Ted Elliott
918334,Scott Weinger
245,Robin Williams
488306,Linda Larkin
277,Richard Attenborough
109300,John Briley
1426,Ben Kingsley
24,John Gielgud
368990,Rohini Hattangadi
853238,Tate Taylor
853238,Tate Taylor
3543826,Kathryn Stockett
1297015,Emma Stone
205626,Viola Davis
818055,Octavia Spencer
873779,Gary Trousdale
936374,Kirk Wise
941314,Linda Woolverton
152312,Brenda Chapman
761498,Chris Sanders
641314,Paige O'Hara
913,Robby Benson
181425,Jesse Corti
