41003,David Attenborough
1769336,Chadden Hunter
118096,Gordon Buchanan
319213,Vince Gilligan
186505,Bryan Cranston
666739,Aaron Paul
348152,Anna Gunn
244,Sigourney Weaver
41003,David Attenborough
238419,Nikolay Drozdov
342241,Scott Grimes
507073,Damian Lewis
515296,Ron Livingston
563301,Craig Mazin
2976580,Jessie Buckley
364813,Jared Harris
1745,Stellan Skarsgård
800108,David Simon
922035,Dominic West
714698,Lance Reddick
812308,Sonja Sohn
41003,David Attenborough
238311,Peter Drost
3495675,Roger Horrocks
227204,Michael Dante DiMartino
1665983,Bryan Konietzko
48389,Dee Bradley Baker
878940,Zach Tyler Eisen
926165,Mae Whitman
1183205,Neil deGrasse Tyson
256194,Christopher Emerson
267660,Keythe Farley
153740,David Chase
1254,James Gandolfini
966,Lorraine Bracco
4908,Edie Falco
238668,Ann Druyan
755981,Carl Sagan
1581663,Steven Soter
755981,Carl Sagan
361570,Jaromír Hanzlík
153068,Jonathan Fahn
41003,David Attenborough
1125275,David Benioff
1888967,D.B. Weiss
3592338,Emilia Clarke
227759,Peter Dinklage
3229685,Kit Harington
1363595,Dan Harmon
1551598,Justin Roiland
1551598,Justin Roiland
663177,Chris Parnell
334561,Spencer Grammer
59,Laurence Olivier
817553,Albert Speer
249075,Anthony Eden
2086079,Hiromu Arakawa
931060,Kent Williams
443509,Iemasa Kayumi
586003,Vic Mignogna
3044,Michael Jordan
413944,Phil Jackson
685011,Scottie Pippen
1856,Oprah Winfrey
41003,David Attenborough
1080418,Doug Allan
309693,Mark Gatiss
595590,Steven Moffat
1212722,Benedict Cumberbatch
293509,Martin Freeman
835939,Una Stubbs
785245,Rod Serling
785245,Rod Serling
566389,Robert McCord
1031805,Jay Overholts
1075,Peter Coyote
9313512,Huy Duc
9313542,James Willbanks
4170,Bob Kane
705779,Eric Radomski
863622,Bruce Timm
175834,Kevin Conroy
504489,Loren Lester
956544,Efrem Zimbalist Jr.
2363939,Pratik Gandhi
3916302,Shreya Dhanwanthary
2493744,Hemant Kher
2794962,Hailee Steinfeld
1204760,Kevin Alejandro
1032853,Jason Spisak
41003,David Attenborough
112,Pierce Brosnan
1167521,Peter Scoones
923736,Joss Whedon
277213,Nathan Fillion
868659,Gina Torres
876138,Alan Tudyk
199948,Greg Daniels
315041,Ricky Gervais
580351,Stephen Merchant
136797,Steve Carell
278979,Jenna Fischer
1024677,John Krasinski
2171329,Josh Grelle
2569233,Yûki Kaji
3426369,Yui Ishikawa
457,John Hurt
3734430,Roger Munns
41003,David Attenborough
285,Alec Baldwin
1769336,Chadden Hunter
1465001,Mamoru Miyano
841448,Brad Swaile
1925154,Vincent Tong
4446305,Nic Pizzolatto
681,Vince Vaughn
268199,Colin Farrell
1046097,Rachel McAdams
1397313,The Beatles
6168,John Lennon
5200,Paul McCartney
838153,John Sullivan
419248,David Jason
528525,Nicholas Lyndhurst
516181,Roger Lloyd Pack
567184,David McCullough
1832,Sam Waterston
364915,Julie Harris
202970,Larry David
632,Jerry Seinfeld
632,Jerry Seinfeld
506,Julia Louis-Dreyfus
724245,Michael Richards
1210942,Yoshihiro Togashi
299401,Issei Futamata
4751364,Megumi Han
2583829,Cristina Valenzuela
82211,Haluk Bilginer
1754048,Cansu Dere
6034003,Metin Akdülger
165087,Jeremy Clarkson
1258687,Kaleb Cooper
1258687,Charlie Ireland
1279638,Noah Hawley
671,Billy Bob Thornton
293509,Martin Freeman
2798112,Allison Tolman
54007,Artur Barcis
525557,Olgierd Lukaszewicz
523821,Olaf Lubaszenko
946695,Hajime Yatate
945290,Kôichi Yamadera
411167,Unshô Ishizuka
370677,Megumi Hayashibara
186331,David Crane
442035,Marta Kauffman
98,Jennifer Aniston
1073,Courteney Cox
1435,Lisa Kudrow
1148550,Ava DuVernay
1004018,Asante Blackk
4144312,Caleel Harris
5376232,Ethan Herisse
3229215,Alex Hirsch
728762,Jason Ritter
3229215,Alex Hirsch
1102891,Kristen Schaal
1056659,John Oliver
443286,David Kaye
2175486,Ryan Barger
2358709,Nathan Fielder
464523,Michael Koman
2358709,Nathan Fielder
5739144,Anthony Filosa
6637563,Brian S. Wolfe
41003,David Attenborough
2486927,Simon Blakeney
1003753,Bill Rudolph
1037,Graham Chapman
1385,Eric Idle
1402,Terry Jones
1037,Graham Chapman
92,John Cleese
416,Terry Gilliam
2837311,Arunabh Kumar
3832707,Naveen Kasturia
2837311,Arunabh Kumar
6845062,Jitendra Kumar
440913,Mathieu Kassovitz
640,Martin Sheen
381523,Rudolf Hess
568390,Rob McElhenney
1097351,Glenn Howerton
206359,Charlie Day
1097351,Glenn Howerton
568390,Rob McElhenney
319213,Vince Gilligan
332467,Peter Gould
644022,Bob Odenkirk
781533,Rhea Seehorn
52186,Jonathan Banks
1638,Jürgen Prochnow
344963,Herbert Grönemeyer
921044,Klaus Wennemann
1829595,Greg Davies
2640385,Alex Horne
996942,Kerry Godliman
202970,Larry David
202970,Larry David
385644,Cheryl Hines
307531,Jeff Garlin
147,Colin Firth
383,Jennifer Ehle
363117,Susannah Harker
92,John Cleese
768795,Prunella Scales
755133,Andrew Sachs
82450,Paul Feig
4802,Linda Cardellini
197855,John Francis Daley
290556,James Franco
815070,Aaron Sorkin
640,Martin Sheen
507,Rob Lowe
5049,Allison Janney
1778124,Ali Atay
1763577,Serkan Keskin
1488529,Ahmet Mümtaz Taylan
100,Rowan Atkinson
733153,Tony Robinson
410,Stephen Fry
4111,Mark Frost
186,David Lynch
1492,Kyle MacLachlan
648920,Michael Ontkean
749,Mädchen Amick
111765,Charlie Brooker
487406,Daniel Lapaine
4789912,Hannah John-Kamen
3948190,Michaela Coel
76166,Carlo Bernard
104333,Chris Brancato
1215164,Doug Miro
50959,Pedro Pascal
609944,Wagner Moura
2933542,Boyd Holbrook
107366,Neal Brennan
152638,Dave Chappelle
152638,Dave Chappelle
712603,Donnell Rawlings
997901,Rudy Rush
4369688,Raphael Bob-Waksberg
4715,Will Arnett
781238,Amy Sedaris
1555340,Alison Brie
364629,Doc Harris
754526,Christopher Sabat
573926,Scott McNeil
945881,Jôji Yanami
1035500,Kyle Hebert
637586,Masako Nozawa
1104036,Jesse Armstrong
1002609,Nicholas Braun
4051,Brian Cox
1085,Kieran Culkin
1140275,Steven Knight
614165,Cillian Murphy
2167957,Paul Anderson
2570706,Sophie Rundle
1394,Derek Jacobi
457,John Hurt
680795,Siân Phillips
5295,Trey Parker
1778,Matt Stone
333536,Brian Graden
5295,Trey Parker
1778,Matt Stone
5002,Isaac Hayes
375285,Bruno Heller
531973,William J. MacDonald
587518,John Milius
571727,Kevin McKidd
829032,Ray Stevenson
908116,Polly Walker
284956,Tom Fontana
1368,Ernie Hudson
799777,J.K. Simmons
855564,Lee Tergesen
402360,Brendan Hunt
1918708,Joe Kelly
492639,Bill Lawrence
837177,Jason Sudeikis
2073429,Brett Goldstein
402360,Brendan Hunt
50332,Alan Ball
470244,Peter Krause
355910,Michael C. Hall
175814,Frances Conroy
1872617,Katie Krentz
3239034,Patrick McHale
704,Elijah Wood
5242354,Collin Dean
1491,Melanie Lynskey
1520917,Eiichiro Oda
849028,Mayumi Tanaka
65292,Tony Beck
5719834,Laurent Vernin
269463,Jon Favreau
50959,Pedro Pascal
1835,Carl Weathers
2064,Giancarlo Esposito
403804,Mitchell Hurwitz
867,Jason Bateman
148418,Michael Cera
5577,Portia de Rossi
2171633,Baran bo Odar
1296729,Jantje Friese
3836977,Louis Hofmann
251526,Karoline Eichhorn
3582197,Lisa Vicari
5939581,Saurabh Khanna
7802961,Mayur More
6845062,Jitendra Kumar
6845060,Ranjan Raj
4646711,Makoto Furukawa
5481013,Kaito Ishikawa
5489754,Max Mittelman
1465001,Mamoru Miyano
1411540,Asami Imai
2573928,Kana Hanazawa
985,James L. Brooks
4981,Matt Groening
800376,Sam Simon
144657,Dan Castellaneta
4813,Nancy Cartwright
733427,Harry Shearer
794914,David Shore
491402,Hugh Laurie
4898,Omar Epps
494,Robert Sean Leonard
5831457,Feyyaz Yigit
7946031,Kivanç Kilinç
7705136,Ahmet Kürsat Öçalan
752841,Shawn Ryan
4821,Michael Chiklis
413052,Michael Jace
439813,Jay Karnes
1819972,Matt Duffer
1819973,Ross Duffer
5611121,Millie Bobby Brown
6016511,Finn Wolfhard
213,Winona Ryder
488991,Glen A. Larson
601822,Ronald D. Moore
1579,Edward James Olmos
1521,Mary McDonnell
51397,Jamie Bamber
271501,Julian Fellowes
95017,Hugh Bonneville
517642,Phyllis Logan
1527,Elizabeth McGovern
3564817,Phoebe Waller-Bridge
3564817,Phoebe Waller-Bridge
5427486,Sian Clifford
1469236,Olivia Colman
3079117,Robert Kirkman
4659860,Ryan Ottley
3077550,Cory Walker
3081796,Steven Yeun
799777,J.K. Simmons
644897,Sandra Oh
2802722,Beau Willimon
228,Kevin Spacey
318703,Michel Gill
705,Robin Wright
1980806,Matthew Weiner
358316,Jon Hamm
5253,Elisabeth Moss
440229,Vincent Kartheiser
471392,Eric Kripke
881631,Karl Urban
4425051,Jack Quaid
1102278,Antony Starr
2616557,Ray Chase
1142722,Keith Silverstein
228356,Ben Diskin
792371,Amy Sherman-Palladino
3014031,Rachel Brosnahan
97504,Alex Borstein
1652433,Michael Zegen
604948,Peter Morgan
2946516,Claire Foy
1469236,Olivia Colman
1767,Imelda Staunton
734472,Gene Roddenberry
1772,Patrick Stewart
653,Brent Spiner
408,Jonathan Frakes
370058,John Hawkesworth
107950,Jeremy Brett
121651,David Burke
769315,Rosalie Williams
916,Peter Berg
151419,Kyle Chandler
110168,Connie Britton
1472917,Zach Gilford
1104036,Jesse Armstrong
1095060,Sam Bain
640193,Andrew O'Connor
593267,David Mitchell
916267,Robert Webb
455057,Matt King
792263,Taylor Sheridan
385,Sam Elliott
5210,Tim McGraw
5011,Faith Hill
165087,Jeremy Clarkson
1414369,Richard Hammond
561982,James May
787474,Satish Shah
665550,Ratna Pathak Shah
2670109,Sumeet Raghavan
9772311,Dan Erickson
4395,Adam Scott
7100086,Zach Cherry
3138882,Britt Lower
165087,Jeremy Clarkson
561982,James May
1414369,Richard Hammond
1176135,Kentaro Miura
1827148,Marc Diraison
370650,Nobutoshi Canna
1321026,Carrie Keranen
406334,Armando Iannucci
1128050,Chris Addison
808576,James Smith
134922,Peter Capaldi
1083672,Alice Oseman
1250946,Joe Locke
5598573,Kit Connor
1251059,Yasmin Finney
580519,Jed Mercurio
1161994,Martin Compston
566049,Vicky McClure
1160,Adrian Dunbar
456158,Jack Kirby
627624,George Newbern
175834,Kevin Conroy
482851,Phil LaMarr
586965,David Milch
648249,Timothy Olyphant
574534,Ian McShane
662504,Molly Parker
543612,James Manos Jr.
355910,Michael C. Hall
1358539,Jennifer Carpenter
953882,David Zayas
4810,Chris Carter
141,David Duchovny
96,Gillian Anderson
683379,Mitch Pileggi
1285613,Andrew Jarecki
6754631,Robert Durst
3951768,Gary Napoli
199948,Greg Daniels
1321658,Michael Schur
688132,Amy Poehler
641389,Jim O'Heir
644406,Nick Offerman
8311749,Shreyansh Pandey
451239,Jameel Khan
3453549,Geetanjali Kulkarni
6420520,Vaibhav Raj Gupta
6845062,Jitendra Kumar
944834,Raghuvir Yadav
1088155,Chandan Roy
604607,Dermot Morgan
641192,Ardal O'Hanlon
446392,Frank Kelly
100,Rowan Atkinson
733153,Tony Robinson
570570,Tim McInnerny
1618263,Masashi Kishimoto
7597176,Alexandre Crepet
847594,Junko Takeuchi
281068,Maile Flanagan
375138,Sofia Helin
1142392,Rafael Pettersson
90360,Sarah Boberg
1557594,Dan Fogelman
893257,Milo Ventimiglia
601553,Mandy Moore
1250791,Sterling K. Brown
5137121,Natsuki Hanae
6450743,Zach Aguilar
7583837,Abby Trott
2837311,Arunabh Kumar
8311749,Shreyansh Pandey
3832707,Naveen Kasturia
6449658,Shivankit Singh Parihar
9623913,Abhilash Thapliyal
1206844,Drew Goddard
1214435,Charlie Cox
352,Vincent D'Onofrio
2832695,Deborah Ann Woll
994488,Adam Reed
71304,H. Jon Benjamin
339460,Judy Greer
2436722,Amber Nash
1101677,Jun Fukuyama
757327,Takahiro Sakurai
97765,Johnny Yong Bosch
2255973,Donald Glover
2255973,Donald Glover
3109964,Brian Tyree Henry
3147751,LaKeith Stanfield
203961,Russell T. Davies
2728054,Olly Alexander
1013793,Nathaniel Curtis
233215,Shaun Dooley
388273,Joel Hodgson
388273,Joel Hodgson
625621,Michael J. Nelson
64546,Trace Beaulieu
1698655,Erdal Besikçioglu
4245708,Inanç Konukçu
43709,Ege Aydan
6794152,Haruichi Furudate
4986852,Ayumu Murase
5481013,Kaito Ishikawa
2106149,Yu Hayashi
100,Rowan Atkinson
733153,Tony Robinson
491402,Hugh Laurie
918852,Greg Weisman
1541845,Brandon Vietti
424315,Geoff Johns
636046,Nolan North
5211,Danica McKellar
565366,Jesse McCartney
380,Robert Duvall
169,Tommy Lee Jones
418,Danny Glover
370058,John Hawkesworth
107950,Jeremy Brett
362570,Edward Hardwicke
769315,Rosalie Williams
6938,Leonardo Fasoli
1836999,Stefano Bises
2500207,Roberto Saviano
5086277,Salvatore Esposito
3634704,Marco D'Amore
2586196,Ivana Lotito
671856,Joe Penhall
2676147,Jonathan Groff
564697,Holt McCallany
1396022,Anna Torv
203563,Alan Davies
410,Stephen Fry
865785,Sandi Toksvig
1223455,Harish Bhimani
80232,Nitish Bharadwaj
451383,Mukesh Khanna
7804130,Steven Avery
8390567,Dolores Avery
5224688,Laura Nirider
2216378,Pendleton Ward
224007,John DiMaggio
1660179,Jeremy Shada
444786,Tom Kenny
513170,John Linson
792263,Taylor Sheridan
126,Kevin Costner
2093766,Luke Grimes
717709,Kelly Reilly
834960,Danny Strong
474,Michael Keaton
765597,Peter Sarsgaard
836121,Michael Stuhlbarg
100,Rowan Atkinson
193485,Richard Curtis
100,Rowan Atkinson
3741,Robin Driscoll
956126,Matilda Ziegler
909124,Moira Walley-Beckett
6741374,Amybeth McNulty
416524,Geraldine James
861075,R.H. Thomson
1428827,Hidenobu Kiuchi
1240448,Liam O'Brien
1145982,Mamiko Noto
837064,David Suchet
292140,Hugh Fraser
413946,Philip Jackson
2847370,Lisa Joy
634300,Jonathan Nolan
939697,Evan Rachel Wood
942482,Jeffrey Wright
438,Ed Harris
1010540,Terence Winter
114,Steve Buscemi
531808,Kelly Macdonald
788335,Michael Shannon
3662,Graham Yost
648249,Timothy Olyphant
780678,Nick Searcy
141710,Joelle Carter
305,Mel Blanc
173416,Pinto Colvig
1344723,Joe Bronx
1093039,Mike Flanagan
401264,Michiel Huisman
1303,Carla Gugino
1794,Henry Thomas
7191504,Jack Nicholls
2619894,Lewis Hamilton
9712430,Charles Leclerc
291082,Scott Frank
778819,Allan Scott
5896355,Anya Taylor-Joy
4006608,Chloe Pirrie
131966,Bill Camp
2765191,Eric André
2765191,Eric André
2868110,Hannibal Buress
7091160,Robert Smith
248844,Paul Eddington
1329,Nigel Hawthorne
288621,Derek Fowlds
815070,Aaron Sorkin
1099,Jeff Daniels
607865,Emily Mortimer
302330,John Gallagher Jr.
6875639,Sameer Saxena
5092260,Vishesh Bansal
1587175,Mona Singh
2410557,Akarsh Khurana
90386,James Bobin
1318596,Jemaine Clement
1235366,Bret McKenzie
1318596,Jemaine Clement
1235366,Bret McKenzie
1055302,Rhys Darby
755997,Ramanand Sagar
4468244,Arun Govil
214354,Deepika Chikhalia
481624,Sunil Lahri
637586,Masako Nozawa
945881,Jôji Yanami
35635,Brice Armstrong
670408,Simon Pegg
828961,Jessica Hynes
212626,Julia Deakin
1978079,Brian Quinn
2098978,James Murray
1742600,Sal Vulcano
850733,Genndy Tartakovsky
5263129,Aaron LaPlante
3128226,Laëtitia Eïdo
444786,Tom Kenny
4170,Bob Kane
551376,William Moulton Marston
795975,Joe Shuster
525855,Carl Lumbly
482851,Phil LaMarr
742146,Michael Rosenbaum
202603,Jack Davenport
69109,Gina Bellman
18729,Sarah Alexander
35635,Brice Armstrong
1254072,Steve Olson
618955,Stephanie Nadolny
1579,Edward James Olmos
1521,Mary McDonnell
755267,Katee Sackhoff
1593460,Hyun Bin
1162030,Son Ye-jin
1981533,Seo Ji-hye
1921,Paul Attanasio
1938,Richard Belzer
424800,Clark Johnson
1433,Yaphet Kotto
567129,Christopher McCulloch
567129,Christopher McCulloch
881672,James Urbaniak
358452,Doc Hammer
1256362,David Alexanian
95564,Charley Boorman
1748959,Russ Malkin
191,Ewan McGregor
95564,Charley Boorman
1256362,David Alexanian
1483369,Chris O'Dowd
1547964,Richard Ayoade
1817670,Katherine Parkinson
315041,Ricky Gervais
580351,Stephen Merchant
315041,Ricky Gervais
293509,Martin Freeman
188871,Mackenzie Crook
1295763,Tatsuya Endo
3414040,Takuya Eguchi
6662487,Atsumi Tanezaki
2977461,Saori Hayami
127373,Louis C.K.
127373,Louis C.K.
3463761,Hadley Delany
3425494,Ursula Parker
620017,Kazuya Nakai
1717227,Ginpei Sato
442933,Ayako Kawasumi
733886,Eric Rochant
440913,Mathieu Kassovitz
517975,Florence Loiret Caille
951520,Jonathan Zaccaï
1318596,Jemaine Clement
1315378,Kayvan Novak
1546196,Matt Berry
5857106,Natasia Demetriou
1322753,Sam Esmail
1785339,Rami Malek
225,Christian Slater
3361199,Carly Chaikin
81449,Dragan Bjelogrlic
4129969,Andrija Kuzmanovic
3075833,Marija Bergam
81449,Dragan Bjelogrlic
1354763,Krishna D.K.
1356032,Raj Nidimoru
48075,Manoj Bajpayee
3606487,Samantha Ruth Prabhu
1421465,Priyamani
176869,Steve Coogan
338425,Simon Greenall
598748,Felicity Montagu
505386,Mark Leveson
666168,Dan Patterson
4804,Drew Carey
595110,Colin Mochrie
830198,Ryan Stiles
8036,Paul Abbott
920274,John Wells
2536,Emmy Rossum
513,William H. Macy
3103119,Ethan Cutkosky
248844,Paul Eddington
1329,Nigel Hawthorne
288621,Derek Fowlds
151,Morgan Freeman
2994354,Sean Carroll
435434,Michio Kaku
372222,Josh Heald
1375358,Jon Hurwitz
1376383,Hayden Schlossberg
1494,Ralph Macchio
951420,William Zabka
4927704,Xolo Maridueña
6955079,Steven Canals
1004299,Brad Falchuk
614682,Ryan Murphy
5049751,Michaela Jaé (MJ) Rodriguez
9500848,Dominique Jackson
8360867,Indya Moore
1742119,Jared Keeso
862932,Jacob Tierney
1742119,Jared Keeso
3466819,Nathan Dales
5572919,Michelle Mylett
7121595,Junya Enoki
1361499,Adam McArthur
1697606,Yûichi Nakamura
215299,Steven S. DeKnight
1813878,Andy Whitfield
5128,Lucy Lawless
71847,Manu Bennett
586003,Vic Mignogna
1309787,Aaron Dismuke
657139,Romi Park
850733,Genndy Tartakovsky
482851,Phil LaMarr
538683,Mako
724656,Kevin Michael Richardson
4049300,Julie Andem
6196797,Josefine Frida Pettersen
8175494,Iman Meskini
8000701,Ulrikke Falch
218923,Daniela Denby-Ashe
35514,Richard Armitage
683116,Tim Pigott-Smith
606439,Christopher Morris
372423,Mark Heap
253126,Kevin Eldon
1176676,Kurt Sutter
402271,Charlie Hunnam
5408,Katey Sagal
95478,Mark Boone Junior
215299,Steven S. DeKnight
1314,John Hannah
71847,Manu Bennett
579795,Peter Mensah
30417,Hideaki Anno
644527,Megumi Ogata
370677,Megumi Hayashibara
594074,Kotono Mitsuishi
1014365,John Altschuler
431918,Mike Judge
1015106,Dave Krinsky
3042755,Thomas Middleditch
2554352,T.J. Miller
3091777,Josh Brener
154104,Mike Clattenburg
1033215,John Paul Tremblay
1036211,Robb Wells
1034266,Mike Smith
628285,Sydney Newman
2092886,Jodie Whittaker
134922,Peter Capaldi
4929530,Pearl Mackie
158,Tom Hanks
780678,Nick Searcy
809031,Lane Smith
1090070,Kenan Imirzalioglu
1754048,Cansu Dere
1625669,Yigit Özsener
169326,David X. Cohen
4981,Matt Groening
921942,Billy West
224007,John DiMaggio
5408,Katey Sagal
4111,Mark Frost
186,David Lynch
1492,Kyle MacLachlan
498247,Sheryl Lee
395398,Michael Horse
188871,Mackenzie Crook
188871,Mackenzie Crook
429363,Toby Jones
830556,Rachael Stirling
1140345,Shaun Evans
19885,Roger Allam
103495,James Bradshaw
840539,Mayo Suzukaze
412585,Junko Iwao
765815,Nozomu Sasaki
8301460,Setsuo Ito
757327,Takahiro Sakurai
960033,Akio Ôtsuka
298188,Bryan Fuller
199215,Hugh Dancy
586568,Mads Mikkelsen
223518,Caroline Dhavernas
1363595,Dan Harmon
570364,Joel McHale
2209821,Danny Pudi
2255973,Donald Glover
6439608,Daniel Abraham
1318843,Mark Fergus
5102082,Ty Franck
1711829,Steven Strait
4625680,Dominique Tipper
1434871,Wes Chatham
2907,Alexander Skarsgård
710447,James Ransone
855564,Lee Tergesen
3005544,James Rolfe
3005544,James Rolfe
3006224,Mike Matei
3003911,Kyle Justin
1032217,Ruth Reichl
3616414,Massimo Bottura
5390313,Francis Mallmann
2391794,Dan Levy
506405,Eugene Levy
506405,Eugene Levy
1573,Catherine O'Hara
2391794,Dan Levy
697115,Richard Price
1873,Steven Zaillian
1981893,Riz Ahmed
1806,John Turturro
131966,Bill Camp
7954541,Ian Washburn
8518556,Calvin Vail
9332952,Bryan Le
33,Alfred Hitchcock
878826,Harry Tyler
2369,John Williams
5082,David E. Kelley
702,Reese Witherspoon
173,Nicole Kidman
940362,Shailene Woodley
3096205,J.G. Quintel
3096205,J.G. Quintel
759525,William Salyers
2936993,Sam Marin
24856,Jack Amiel
66764,Michael Begler
2428245,André Holland
654110,Clive Owen
2205243,Jeremy Bobb
5137121,Natsuki Hanae
5190250,Risa Taneda
4785118,Ayane Sakura
914844,Reg Watson
1416718,Lara Radulovich
40753,Kate Atkinson
1319592,Katrina Milosevic
535741,Robbie Magasiva
316079,Paul Giamatti
1473,Laura Linney
234440,John Dossett
602836,Dylan Moran
602836,Dylan Moran
47155,Bill Bailey
340067,Tamsin Greig
1208415,Steve Lightfoot
1256532,Jon Bernthal
2362244,Amber Rose Revah
1602660,Ben Barnes
182459,Saverio Costanzo
2130040,Alba Rohrwacher
1013521,Margherita Mazzucco
1013522,Gaia Girace
1938432,Scott Ryan
1938432,Scott Ryan
9366003,Chika Yasumura
743127,Justin Rosniak
236564,Dr. Dre
95104,Bono
630088,Stevie Nicks
249133,Mark Edward Edens
2458358,Sidney Iwanter
506718,Eric Lewald
807649,Cedric Smith
230064,Cal Dodd
952801,Lenore Zann
2145487,Brad Ingelsby
701,Kate Winslet
629855,Julianne Nicholson
5443,Jean Smart
1547964,Richard Ayoade
1546196,Matt Berry
1478358,Matthew Holness
81189,Ann Biderman
191044,Michael Cudlitz
4999,Shawn Hatosy
5093,Regina King
1665588,Gülse Birsel
1699242,Levent Üzümcü
1699371,Senay Gürler
228356,Ben Diskin
3145634,Tao Tsuchiya
741398,Michelle Ruff
840,Lucille Ball
789,Desi Arnaz
888573,Vivian Vance
172257,David Collins
3307410,Antoni Porowski
5580581,Jonathan Van Ness
9614109,Tan France
4057793,Bill Dubuque
931251,Mark Williams
867,Jason Bateman
1473,Laura Linney
6019117,Sofia Hublitz
1697606,Yûichi Nakamura
1001404,David Matranga
160049,Luci Christian
1783265,Tim Miller
851317,Fred Tatasciore
926697,Scott Whyte
636046,Nolan North
3824767,Justin Halpern
3824575,Patrick Schumacker
520893,Dean Lorey
192505,Kaley Cuoco
1128572,Lake Bell
876138,Alan Tudyk
395275,Anthony Horowitz
457655,Michael Kitchen
917320,Honeysuckle Weeks
397928,Anthony Howell
